"sku","title","description","amount_gbp","currency","tax_behavior","active","tax_code","vat_percent","buy_button_label","checkout_service_label","region","period"
"LON-DRAIN-DAY","London & South East Region - Drainage Service - Mon–Fri 8am–6pm","Hourly drainage service across the London & South East Region. VAT excluded.","120.00","GBP","exclusive","true","","20","View Drainage Services","Drainage Service","London & South East Region","Mon-Fri 8am-6pm"
"LON-DRAIN-EVE","London & South East Region - Drainage Service - Mon–Fri 6pm–8am","Hourly drainage service across the London & South East Region. VAT excluded.","140.00","GBP","exclusive","true","","20","View Drainage Services","Drainage Service","London & South East Region","Mon-Fri 6pm-8am"
"LON-DRAIN-WKD","London & South East Region - Drainage Service - Weekends","Hourly drainage service across the London & South East Region. VAT excluded.","140.00","GBP","exclusive","true","","20","View Drainage Services","Drainage Service","London & South East Region","Weekends"
"LON-EMER-DAY","London & South East Region - Emergency Drainage - Mon–Fri 8am–6pm","Hourly drainage service across the London & South East Region. VAT excluded.","120.00","GBP","exclusive","true","","20","Get Emergency Drainage Help","Emergency Drainage (24/7)","London & South East Region","Mon-Fri 8am-6pm"
"LON-EMER-EVE","London & South East Region - Emergency Drainage - Mon–Fri 6pm–8am","Hourly drainage service across the London & South East Region. VAT excluded.","140.00","GBP","exclusive","true","","20","Get Emergency Drainage Help","Emergency Drainage (24/7)","London & South East Region","Mon-Fri 6pm-8am"
"LON-EMER-WKD","London & South East Region - Emergency Drainage - Weekends","Hourly drainage service across the London & South East Region. VAT excluded.","140.00","GBP","exclusive","true","","20","Get Emergency Drainage Help","Emergency Drainage (24/7)","London & South East Region","Weekends"
"LON-PLUM-DAY","London & South East Region - Plumbing Service - Mon–Fri 8am–6pm","Hourly plumbing service across the London & South East Region. VAT excluded.","105.00","GBP","exclusive","true","","20","Explore Plumbing Services","Plumbing Service","London & South East Region","Mon-Fri 8am-6pm"
"LON-PLUM-EVE","London & South East Region - Plumbing Service - Mon–Fri 6pm–8am","Hourly plumbing service across the London & South East Region. VAT excluded.","115.00","GBP","exclusive","true","","20","Explore Plumbing Services","Plumbing Service","London & South East Region","Mon-Fri 6pm-8am"
"LON-PLUM-WKD","London & South East Region - Plumbing Service - Weekends","Hourly plumbing service across the London & South East Region. VAT excluded.","115.00","GBP","exclusive","true","","20","Explore Plumbing Services","Plumbing Service","London & South East Region","Weekends"
"LON-CCTV-FIX","London & South East Region - CCTV Drain Survey - Fixed price","Fixed-price CCTV drain survey service across the London & South East Region. VAT excluded.","175.00","GBP","exclusive","true","","20","View CCTV Survey Details","CCTV Drain Survey","London & South East Region","Fixed"
"LON-BTOI-DAY","London & South East Region - Blocked Toilet - Mon–Fri 8am–6pm","Hourly blocked-toilet drainage service across the London & South East Region. VAT excluded.","120.00","GBP","exclusive","true","","20","Learn More About Blocked Toilet","Blocked Toilet","London & South East Region","Mon-Fri 8am-6pm"
"LON-BTOI-EVE","London & South East Region - Blocked Toilet - Mon–Fri 6pm–8am","Hourly blocked-toilet drainage service across the London & South East Region. VAT excluded.","140.00","GBP","exclusive","true","","20","Learn More About Blocked Toilet","Blocked Toilet","London & South East Region","Mon-Fri 6pm-8am"
"LON-BTOI-WKD","London & South East Region - Blocked Toilet - Weekends","Hourly blocked-toilet drainage service across the London & South East Region. VAT excluded.","140.00","GBP","exclusive","true","","20","Learn More About Blocked Toilet","Blocked Toilet","London & South East Region","Weekends"
"REG-DRAIN-DAY","London & South East Region - Drainage Service - Mon–Fri 8am–6pm","Hourly drainage service across the London & South East Region. VAT excluded.","120.00","GBP","exclusive","true","","20","View Drainage Services","Drainage Service","London & South East Region","Mon-Fri 8am-6pm"
"REG-DRAIN-EVE","London & South East Region - Drainage Service - Mon–Fri 6pm–8am","Hourly drainage service across the London & South East Region. VAT excluded.","140.00","GBP","exclusive","true","","20","View Drainage Services","Drainage Service","London & South East Region","Mon-Fri 6pm-8am"
"REG-DRAIN-WKD","London & South East Region - Drainage Service - Weekends","Hourly drainage service across the London & South East Region. VAT excluded.","140.00","GBP","exclusive","true","","20","View Drainage Services","Drainage Service","London & South East Region","Weekends"
"REG-EMER-DAY","London & South East Region - Emergency Drainage - Mon–Fri 8am–6pm","Hourly drainage service across the London & South East Region. VAT excluded.","120.00","GBP","exclusive","true","","20","Get Emergency Drainage Help","Emergency Drainage (24/7)","London & South East Region","Mon-Fri 8am-6pm"
"REG-EMER-EVE","London & South East Region - Emergency Drainage - Mon–Fri 6pm–8am","Hourly drainage service across the London & South East Region. VAT excluded.","140.00","GBP","exclusive","true","","20","Get Emergency Drainage Help","Emergency Drainage (24/7)","London & South East Region","Mon-Fri 6pm-8am"
"REG-EMER-WKD","London & South East Region - Emergency Drainage - Weekends","Hourly drainage service across the London & South East Region. VAT excluded.","140.00","GBP","exclusive","true","","20","Get Emergency Drainage Help","Emergency Drainage (24/7)","London & South East Region","Weekends"
"REG-PLUM-DAY","London & South East Region - Plumbing Service - Mon–Fri 8am–6pm","Hourly plumbing service across the London & South East Region. VAT excluded.","105.00","GBP","exclusive","true","","20","Explore Plumbing Services","Plumbing Service","London & South East Region","Mon-Fri 8am-6pm"
"REG-PLUM-EVE","London & South East Region - Plumbing Service - Mon–Fri 6pm–8am","Hourly plumbing service across the London & South East Region. VAT excluded.","115.00","GBP","exclusive","true","","20","Explore Plumbing Services","Plumbing Service","London & South East Region","Mon-Fri 6pm-8am"
"REG-PLUM-WKD","London & South East Region - Plumbing Service - Weekends","Hourly plumbing service across the London & South East Region. VAT excluded.","115.00","GBP","exclusive","true","","20","Explore Plumbing Services","Plumbing Service","London & South East Region","Weekends"
"REG-CCTV-FIX","London & South East Region - CCTV Drain Survey - Fixed price","Fixed-price CCTV drain survey service across the London & South East Region. VAT excluded.","175.00","GBP","exclusive","true","","20","View CCTV Survey Details","CCTV Drain Survey","London & South East Region","Fixed"
"REG-BTOI-DAY","London & South East Region - Blocked Toilet - Mon–Fri 8am–6pm","Hourly blocked-toilet drainage service across the London & South East Region. VAT excluded.","120.00","GBP","exclusive","true","","20","Learn More About Blocked Toilet","Blocked Toilet","London & South East Region","Mon-Fri 8am-6pm"
"REG-BTOI-EVE","London & South East Region - Blocked Toilet - Mon–Fri 6pm–8am","Hourly blocked-toilet drainage service across the London & South East Region. VAT excluded.","140.00","GBP","exclusive","true","","20","Learn More About Blocked Toilet","Blocked Toilet","London & South East Region","Mon-Fri 6pm-8am"
"REG-BTOI-WKD","London & South East Region - Blocked Toilet - Weekends","Hourly blocked-toilet drainage service across the London & South East Region. VAT excluded.","140.00","GBP","exclusive","true","","20","Learn More About Blocked Toilet","Blocked Toilet","London & South East Region","Weekends"
